aminoAcid,frequencyCount (%)
CASSSTGAGLGVGETQYF,0.0015611381414181
CASSSETGSVYGYTF,0.0007060978166131577
CASSSTGRGTEAFF,0.0016218184225333
CASSIQGRGTEAFF,0.0165602003552554
CASSHGRTGVSETQYF,0.000992950054612253
CASSLAREPGGTEAFF,0.0008329747680358345
CASMGVREGETQYF,0.0040214477211796
CASSQGLQGAEETQYF,0.0022231048444929
CASSSAPGLIFWAEAFF,0.001141892562804
CASSQSDISVWGYTF,0.001312900627765
CASSEGLAYYEQYF,0.0013018678493805
CASSQDGTPQWGYTF,0.0008219419896512539
CASSPTGMGYGYTF,0.0005571553084213198
CASSLQGISYEQYF,0.0014673595251492
CASSPPWSPTYEQYF,0.0010867286708811
CASSTTGTLYEQYF,0.0077836251503216
CASSLGQGTGLQPQHF,0.0008771058815741569
CASSTGTGGREQYF,0.0007778108761129315
CASSPSGGVGTDTQYF,0.0004137291894217721
CASSGSLGDPSRETQYF,0.0008660731031895762
CASSSGMGEGYEQYF,0.0005295733624598683
CASSWDGTQDYGYTF,0.00045234391376780417
CASSWGSTGELFF,0.0015225234170721
CASSKEGAQGRSYEQYF,0.0007943600436898023
CASSLWVGTEAFF,0.0025982193095687
CASSPTGGRDGYTF,0.0004247619678063527
CASTPDRFPYEQYF,0.0017817937091097
CASSSSPGHRSPLHF,0.0005130241948829974
CASSVLAGGPYEQYF,0.0004964750273061265
CASSETGRGTEAFF,0.0037676938183342
CASSLSVVGRTGELFF,0.0004578603029600944
CASSPLGQYHEKLFF,0.0021127770606471
CASSDLSHEQYF,0.0029181698827215
CASSGGQGRSYTF,0.00043027835699864297
CASRKRGGALQEPQHF,0.0007447125409591898
CASSGDGKETQYF,0.0005902536435750615
CASSPGGFQPQHF,0.0008715894923818665
CASSQGQGIDEQYF,0.0004744094705369653
CSAGRTGRVEQFF,0.0089641324374717
CASSSIDRGGGRTEAFF,0.0003034014055759662
CARRGGKTYEQYF,0.000617835589536513
CASSTDRAETQYF,0.00024272112446077296
CASSVGVGQGTDTQYF,0.0017321462063791
CASSYDSGVGTQYF,0.0046999635918313
CASSQGQGSGETQYF,0.0013294497953419
CASSVRGLSQGSSYEQYF,0.00045234391376780417
CASTSFGATETQYF,0.00034753251911428856
CASSFAGTGVLWQYGYTF,0.0005185405840752877
CASRSSGGAMSTGELFF,0.0007060978166131577
CASSGDRVVLGGYTF,0.0004854422489215459
CASSIGRGARDGYTF,0.0006123192003442227
CASSLFPDRPFTEAFF,0.0004192455786140624
CASSLWGGTSSYEQYF,0.0005681880868059003
CASSPLGLGGSDTQYF,0.0002758194596145147
CASSRGPLAEAFF,0.0002041064001147409
CASSTGGSMGTIYF,0.0007667780977283509
CASSWADLLWGYTF,0.00025375390284535355
CASSYGGEQETQYF,0.0005295733624598683
CASREVTRGRMAAFF,0.0008109092112666733
CASSFSSRWTGFHEQYF,0.0005019914164984168
CASSLDLTGSTEAFF,0.0003971800218449012
CASSLWLLAAEQFF,0.0005406061408444489
CASSYGGIGYTF,0.0006233519787288033
CASTLLEDYYGYTF,0.0002592702920376438
CASKTRGSYGYTF,0.0003089177947682565
CASSAPRGETQYF,0.0012522203466498
CASSLPGTGLKSGYTF,0.0007005814274208674
CASSLTGTGVYGYTF,0.0002096227893070312
CASSRLAGGTDTQYF,0.0002703030704222244
CASSVAVGLHGYTF,0.0003695980758834497
CASSGAVTGHGYTF,0.0004909586381138362
CASSLARDRLYF,0.0007281633733823189
CASSLTGTGISYEQYF,0.0004082128002294818
CASSPLRVPELFF,0.00023720473526848263
CASSRGQGSTEAFF,0.0008881386599587374
CASSRLAGGQGGDTQYF,0.0003034014055759662
CASYRPEVVYEQYF,0.0005350897516521586
CSARERGGGLGDTQYF,0.0057315283707896
CASGGGDIKKLFF,0.0002316883460761924
CASSLASGQGGETQYF,0.0001985900109224506
CASSLEGGFTETQYF,0.00014342611899954765
CASSLSAGMSGYTF,0.0006288683679210935
CASSLSGGLKETQYF,0.0004082128002294818
CASSSGTAKQETQYF,0.00018755723253787
CASSSLQETQYF,0.000281335848806805
CASSSRDRDQPQHF,0.00046889308134467504
CASTLGVVGTEAFF,0.0002868522379990953
CAWSVPVGGGVSYGYTF,0.0015887200873796
CASRRGGLQETQYF,0.00037511446507574
CASSAGQRLQETQYF,0.0002592702920376438
CASSEGPGSGYEQYF,0.0007612617085360606
CASSLAGGGGDTQYF,0.0007391961517668994
CASSLLAGRSYGYTF,0.00018755723253787
CASSRTGILTPLHF,0.0002096227893070312
CAISGPGATEAFF,0.0005571553084213198
CASSERDRGFLLYGYTF,0.00017100806496099912
CASSETGAGTQYF,0.00025375390284535355
CASSGFRTGADYGYTF,0.00034201612992199824
CASSLSGRADTQYF,0.0003585652974988692
